Benchmark,Is KS < extreme,Is KS < area,Is KS > extreme,Is KS > area,Is KS <> extreme,Is KS <> area
ccle_proteinAHR.IPA_AHR_UP,0.23745538526138987,0.2332185886402754,-0.23745538526138987,-0.2332185886402754,0.23745538526138987,0.2332185886402754
ccle_proteinBHLHE41.IPA_BHLHE41_DN,-0.13323572474377746,-0.011428571428571429,0.13323572474377746,0.011428571428571429,-0.13323572474377746,-0.011428571428571429
